<?xml version="1.0" encoding="utf-8"?>
<egt>
	<theme>
		<property name="type">DefaultTheme</property>
	</theme>
	<widgets>
		<widget name="Window0" type="TopWindow">
			<property name="pixelformat">argb8888</property>
			<property name="windowhint">automatic</property>
			<property name="show">true</property>
			<property name="width">800</property>
			<property name="height">480</property>
			<property name="fillflags">solid</property>
			<widget name="winMain" type="Window">
				<property name="pixelformat">argb8888</property>
				<property name="windowhint">automatic</property>
				<property name="show">true</property>
				<property name="x">-4</property>
				<property name="y">1</property>
				<property name="width">800</property>
				<property name="height">480</property>
				<property name="fillflags">solid</property>
				<widget name="btnConnect" type="ImageButton">
					<property name="show">true</property>
					<property name="x">30</property>
					<property name="y">30</property>
					<property name="width">64</property>
					<property name="height">64</property>
					<property name="border">2</property>
					<property name="border_radius">4</property>
					<property name="text">ImageButton2</property>
					<property name="text_align">center</property>
					<property name="showlabel">false</property>
					<property name="image" hscale="0.234375" vscale="0.234375">file:connect.256x256.png</property>
					<property name="image_align">center|expand</property>
				</widget>
				<widget name="btnDisconnect" type="ImageButton">
					<property name="show">true</property>
					<property name="x">120</property>
					<property name="y">30</property>
					<property name="width">64</property>
					<property name="height">64</property>
					<property name="disabled">true</property>
					<property name="border">2</property>
					<property name="border_radius">4</property>
					<property name="text">ImageButton3</property>
					<property name="text_align">center</property>
					<property name="showlabel">false</property>
					<property name="image" hscale="0.234375" vscale="0.234375">file:disconnect.256x256.png</property>
					<property name="image_align">center|expand</property>
				</widget>
				<widget name="btnUL" type="ImageButton">
					<property name="show">true</property>
					<property name="x">30</property>
					<property name="y">100</property>
					<property name="width">128</property>
					<property name="height">128</property>
					<property name="border_radius">4</property>
					<property name="text">ImageButton4</property>
					<property name="text_align">center</property>
					<property name="showlabel">false</property>
					<property name="image" hscale="0.984615" vscale="0.988889">file:UpperLeft.png</property>
					<property name="image_align">center|expand</property>
				</widget>
				<widget name="btnULT" type="ImageButton">
					<property name="show">true</property>
					<property name="x">200</property>
					<property name="y">100</property>
					<property name="width">128</property>
					<property name="height">128</property>
					<property name="border_radius">4</property>
					<property name="text">ImageButton5</property>
					<property name="text_align">center</property>
					<property name="showlabel">false</property>
					<property name="image" hscale="0.984615" vscale="0.988889">file:LeftUTurn.png</property>
					<property name="image_align">center|expand</property>
				</widget>
				<widget name="btnUR" type="ImageButton">
					<property name="show">true</property>
					<property name="x">370</property>
					<property name="y">100</property>
					<property name="width">128</property>
					<property name="height">128</property>
					<property name="border_radius">4</property>
					<property name="text">ImageButton6</property>
					<property name="text_align">center</property>
					<property name="showlabel">false</property>
					<property name="image" hscale="0.984615" vscale="0.988889">file:UpperRight.png</property>
					<property name="image_align">center|expand</property>
				</widget>
				<widget name="btnL" type="ImageButton">
					<property name="show">true</property>
					<property name="x">30</property>
					<property name="y">220</property>
					<property name="width">128</property>
					<property name="height">128</property>
					<property name="border_radius">4</property>
					<property name="text">ImageButton7</property>
					<property name="text_align">center</property>
					<property name="showlabel">false</property>
					<property name="image" hscale="0.984615" vscale="0.988889">file:Left.png</property>
					<property name="image_align">center|expand</property>
				</widget>
				<widget name="btnA" type="ImageButton">
					<property name="show">true</property>
					<property name="x">200</property>
					<property name="y">240</property>
					<property name="width">128</property>
					<property name="height">90</property>
					<property name="border_radius">4</property>
					<property name="text">ImageButton8</property>
					<property name="text_align">center</property>
					<property name="showlabel">false</property>
					<property name="image" hscale="0.2275" vscale="0.226131">file:Arrived.png</property>
					<property name="image_align">center|expand</property>
				</widget>
				<widget name="btnR" type="ImageButton">
					<property name="show">true</property>
					<property name="x">370</property>
					<property name="y">220</property>
					<property name="width">128</property>
					<property name="height">128</property>
					<property name="border_radius">4</property>
					<property name="text">ImageButton9</property>
					<property name="text_align">center</property>
					<property name="showlabel">false</property>
					<property name="image" hscale="0.984615" vscale="0.988889">file:Right.png</property>
					<property name="image_align">center|expand</property>
				</widget>
				<widget name="btnLL" type="ImageButton">
					<property name="show">true</property>
					<property name="x">30</property>
					<property name="y">340</property>
					<property name="width">128</property>
					<property name="height">128</property>
					<property name="border_radius">4</property>
					<property name="text">ImageButton10</property>
					<property name="text_align">center</property>
					<property name="showlabel">false</property>
					<property name="image" hscale="0.984615" vscale="0.988889">file:LowerLeft.png</property>
					<property name="image_align">center|expand</property>
				</widget>
				<widget name="btnUTR" type="ImageButton">
					<property name="show">true</property>
					<property name="x">200</property>
					<property name="y">340</property>
					<property name="width">128</property>
					<property name="height">128</property>
					<property name="border_radius">4</property>
					<property name="text">ImageButton11</property>
					<property name="text_align">center</property>
					<property name="showlabel">false</property>
					<property name="image" hscale="0.984615" vscale="0.988889">file:RightUTurn.png</property>
					<property name="image_align">center|expand</property>
				</widget>
				<widget name="btnLR" type="ImageButton">
					<property name="show">true</property>
					<property name="x">370</property>
					<property name="y">340</property>
					<property name="width">128</property>
					<property name="height">128</property>
					<property name="border_radius">4</property>
					<property name="text">ImageButton12</property>
					<property name="text_align">center</property>
					<property name="showlabel">false</property>
					<property name="image" hscale="0.984615" vscale="0.988889">file:LowerRight.png</property>
					<property name="image_align">center|expand</property>
				</widget>
				<widget name="ImageLabel13" type="ImageLabel">
					<property name="show">true</property>
					<property name="x">515</property>
					<property name="y">32</property>
					<property name="width">256</property>
					<property name="height">60</property>
					<property name="text">ImageLabel13</property>
					<property name="text_align">center</property>
					<property name="showlabel">false</property>
					<property name="image" hscale="0.0996094" vscale="0.0993377">file:Microchip_logo.svg.png</property>
					<property name="image_align">center|expand</property>
				</widget>
				<widget name="ImageLabel14" type="ImageLabel">
					<property name="show">true</property>
					<property name="x">513</property>
					<property name="y">112</property>
					<property name="width">275</property>
					<property name="height">62</property>
					<property name="text">ImageLabel14</property>
					<property name="text_align">center</property>
					<property name="showlabel">false</property>
					<property name="image" hscale="0.681661" vscale="0.681319">file:egt-logo.png</property>
					<property name="image_align">center|expand</property>
				</widget>
				<widget name="btnExit" type="ImageButton">
					<property name="show">true</property>
					<property name="x">220</property>
					<property name="y">30</property>
					<property name="width">170</property>
					<property name="height">64</property>
					<property name="border_radius">4</property>
					<property name="text">ImageButton16</property>
					<property name="text_align">center</property>
					<property name="showlabel">false</property>
					<property name="image" hscale="0.113258" vscale="0.114338">file:exit.png</property>
					<property name="image_align">center|expand</property>
				</widget>
			</widget>
		</widget>
	</widgets>
</egt>

